3,"Divided by 0"
4,"Could not find action."
5,"Could not find action."
6,"Could not find action."
7,"Could not find action."
8,"Could not find action."
10,"Could not find action."
11,"Could not find action."
15,"Could not find action."
16,"Could not find action."
19,"Could not find action."
20,"Could not find action."
21,"Could not find action."
23,"Could not find action."
27,"Could not find action."
28,"Could not find action."
29,"Could not find action."
31,"Could not find action."
32,"Could not find action."
35,"Could not find action."
36,"Could not find action."
39,"Could not find action."
40,"Could not find action."
