4,"Action is not defined"
5,"Action is not defined"
6,"Action is not defined"
7,"Action is not defined"
8,"Action is not defined"
10,"Action is not defined"
11,"Action is not defined"
15,"Action is not defined"
16,"Action is not defined"
19,"Action is not defined"
20,"Action is not defined"
21,"Action is not defined"
23,"Action is not defined"
27,"Action is not defined"
28,"Action is not defined"
29,"Action is not defined"
31,"Action is not defined"
32,"Action is not defined"
35,"Action is not defined"
36,"Action is not defined"
39,"Action is not defined"
40,"Action is not defined"
